76.136.213.90,
250.60.100.189,
23.192.51.41,
162.55.35.178,
130.183.106.38,
11.136.91.159,
117.216.172.23,
55.41.158.59,
52.35.11.104,
158.83.63.4,
185.111.138.178,
102.68.167.217,
195.41.214.107,
251.76.91.150,
255.186.250.185,
254.49.85.110,
255.190.125.188,
127.82.11.104,
220.186.86.12,
55.214.143.216,
60.78.172.248,
216.227.253.110,
155.248.245.136,
213.66.23.184,
175.67.243.147,
42.214.214.195,
77.121.196.227,
86.125.104.108,
235.96.96.158,
237.18.73.31,
100.85.57.70,
184.70.68.42,
200.35.122.177,
92.248.42.138,
30.217.14.40,
130.122.34.42,
40.79.160.172,
28.92.113.95,
127.243.243.162,
91.255.253.11,
68.76.246.125,
29.245.4.192,
186.127.33.108,
214.130.177.86,
85.160.214.58,
73.202.29.198,
122.158.90.49,
213.224.183.87,
155.78.177.70,
70.106.250.214,
140.192.1.52,
224.98.173.108,
204.216.100.142,
180.106.214.54,
77.12.63.224,
121.163.237.42,
101.78.177.1,
41.136.40.188,
217.125.175.160,
189.63.254.113,
23.76.86.45,
139.40.143.40,
125.121.158.38,
100.113.73.66,
189.172.127.202,
163.188.14.221,
37.67.15.243,
49.104.23.216,
143.29.117.46,
2.204.82.117,
33.55.100.177,
104.185.88.84,
213.136.29.136,
144.45.4.233,
214.127.10.136,
55.255.45.11,
104.166.155.102,
52.213.147.75,
95.248.204.198,
144.51.73.18,
100.214.251.213,
224.185.20.66,
31.255.202.67,
139.136.254.139,
90.63.33.41,
4.237.34.58,
188.177.90.140,
249.86.105.121,
207.31.55.86,
58.48.185.4,
4.23.174.12,
136.18.183.216,
34.217.77.11,
190.196.163.214,
248.192.30.207,
15.160.132.186,
130.160.63.172,
38.86.2.59,
158.49.108.224,
178.90.173.14,
58.216.83.191,
224.249.221.253,
30.78.33.55,
113.81.198.86,
107.254.184.121,
73.1.227.38,
29.66.99.79,
198.136.63.127,
128.111.111.202,
202.207.20.178,
178.190.142.220,
149.163.15.212,
40.27.213.249,
160.136.98.216,
162.128.235.140,
73.120.40.23,
160.63.132.172,
4.132.48.251,
95.130.127.137,
189.202.186.228,
28.253.9.77,
167.204.144.177,
125.184.102.177,
213.172.185.59,
196.77.33.4,
106.42.90.227,
87.102.101.117,
55.195.235.192,
78.75.235.84,
33.188.128.28,
185.143.28.47,
40.78.233.127,
105.195.107.12,
192.235.35.70,
28.1.142.95,
76.254.20.92,
28.158.68.174,
14.200.110.4,
33.204.18.127,
246.23.23.34,
99.40.158.35,
40.127.28.20,
180.188.86.130,
147.147.172.128,
153.29.76.158,
85.177.49.127,
2.17.155.79,
86.73.246.214,
4.67.31.12,
11.10.255.160,
1.192.183.213,
52.243.248.45,
1.105.18.30,
214.191.174.106,
235.95.40.198,
33.140.87.122,
196.224.213.243,
29.196.33.163,
85.60.136.20,
106.119.196.4,
110.119.160.4,
233.96.29.86,
60.12.253.87,
40.96.35.117,
174.160.185.92,
214.150.28.214,
117.192.55.67,
233.184.165.246,
243.23.221.76,
224.184.202.125,
202.172.60.18,
132.38.233.98,
86.18.178.174,
99.63.127.175,
125.85.243.110,
249.127.138.41,
86.20.178.160,
92.110.165.246,
90.87.243.58,
98.86.163.91,
220.127.216.158,
127.104.251.117,
177.51.192.136,
227.186.139.11,
174.1.130.87,
149.142.127.34,
66.186.172.216,
246.86.85.96,
120.250.122.251,
136.96.163.63,
51.110.166.73,
160.73.160.255,
104.237.15.28,
198.142.204.162,
173.198.196.136,
83.147.91.4,
183.51.107.134,
214.192.92.35,
202.75.213.188,
98.76.54.120,
249.11.92.163,
86.217.102.184,
121.33.254.104,
166.95.162.27,
214.119.213.73,
99.195.29.190,
90.68.1.233,
233.207.1.15,
162.29.11.90,
178.78.202.7,
248.125.48.248,
104.48.127.1,
76.125.92.254,
42.227.202.149,
9.249.85.60,
237.91.160.38,
213.153.27.23,
73.160.233.255,
177.78.40.224,
98.184.23.248,
178.196.47.4,
11.186.88.172,
190.107.106.125,
213.29.51.23,
40.120.172.38,
55.111.29.250,
20.55.235.136,
180.172.138.192,
237.163.42.195,
75.14.77.108,
159.150.34.150,
125.254.147.192,
1.184.185.104,
40.255.79.41,
250.4.63.110,
188.196.91.110,
73.29.214.106,
73.63.101.235,
1.120.253.160,
134.207.158.213,
2.28.99.136,
235.243.213.196,
86.233.227.92,
234.198.191.140,
220.117.104.127,
106.165.172.106,
14.82.55.105,
150.155.4.198,
192.227.246.200,
73.235.9.92,
4.83.31.174,
224.196.214.87,
104.185.235.42,
188.221.86.165,
198.243.113.128,
31.46.213.255,
227.213.155.1,
246.227.180.139,
98.11.195.29,
137.1.28.42,
136.246.147.57,
136.51.23.127,
224.117.227.155,
63.178.67.228,
104.28.144.101,
54.51.63.30,
9.58.79.28,
70.254.243.4,
66.175.137.77,
55.63.178.40,
132.245.48.185,
79.185.86.86,
34.4.195.73,
172.142.214.214,
191.136.12.180,
9.28.189.122,
117.1.233.165,
198.104.40.46,
243.185.95.58,
63.185.104.233,
167.237.195.86,
38.11.86.28,
23.127.227.42,
185.111.40.172,
233.110.48.110,
196.11.99.10,
29.204.29.186,
165.124.224.87,
81.186.90.255,
86.1.15.110,
66.67.14.217,
104.75.91.234,
248.191.18.42,
214.92.45.175,
214.91.212.40,
70.237.110.202,
108.82.213.92,
190.202.106.162,
190.162.108.228,
216.213.87.73,
4.92.160.214,
100.136.122.185,
96.139.214.68,
147.4.136.188,
110.136.75.95,
190.63.60.243,
57.160.192.153,
150.101.160.30,
17.110.79.63,
4.40.102.46,
127.129.42.234,
54.248.49.100,
86.234.85.107,
92.23.60.150,
167.23.58.163,
243.101.213.78,
233.243.254.73,
221.67.37.155,
113.4.207.12,
14.213.98.1,
29.188.167.86,
63.7.237.162,
47.87.254.42,
35.128.99.99,
214.224.45.4,
66.178.254.127,
86.137.248.200,
41.127.51.51,
180.160.125.178,
163.159.188.227,
38.185.11.165,
92.75.77.48,
233.28.28.92,
163.73.130.98,
140.218.86.186,
254.121.4.254,
158.167.4.249,
38.254.172.120,
46.86.255.9,
253.234.243.185,
101.237.190.4,
67.127.4.77,
119.91.31.63,
130.160.42.9,
91.173.86.160,
178.60.190.108,
191.55.79.29,
196.4.195.90,
147.66.113.108,
150.158.221.34,
217.138.40.160,
48.60.158.35,
184.20.59.63,
124.198.185.134,
46.67.234.38,
235.33.180.213,
248.224.189.217,
76.83.28.87,
189.188.249.58,
192.130.246.23,
218.243.55.185,
120.110.96.177,
130.92.79.188,
214.47.2.234,
120.47.235.31,
40.191.196.178,
1.54.191.227,
198.198.153.138,
102.214.11.149,
172.153.75.177,
235.23.84.35,
30.213.188.237,
35.86.34.184,
213.11.23.95,
254.227.63.11,
23.251.83.35,
58.254.124.38,
76.35.4.47,
184.102.195.254,
177.248.228.86,
158.251.108.52,
42.184.235.183,
31.248.18.254,
58.95.184.188,
150.105.192.75,
130.153.162.143,
204.105.144.198,
198.124.158.110,
217.143.214.143,
111.198.173.228,
107.63.175.106,
11.113.155.99,
60.108.78.104,
29.67.66.138,
79.127.136.101,
60.12.214.27,
233.139.102.14,
202.105.213.23,
163.110.30.12,
246.136.136.235,
178.254.122.127,
213.192.237.79,
84.47.249.104,
37.177.125.42,
255.60.102.254,
147.138.251.111,
202.124.188.125,
4.237.138.212,
104.33.108.214,
101.213.251.117,
172.9.14.155,
202.198.130.251,
196.124.9.52,
136.196.237.218,
98.23.253.79,
33.243.213.45,
221.172.213.29,
173.34.23.198,
253.117.136.47,
243.105.132.57,
234.243.82.150,
248.235.111.190,
237.59.254.186,
130.40.245.251,
159.110.200.55,
134.82.92.108,
214.14.29.110,
58.9.60.159,
178.66.73.130,
196.130.63.4,
100.254.213.150,
77.172.96.214,
132.245.190.254,
216.202.51.100,
20.99.121.147,
217.67.92.95,
235.130.235.147,
221.184.173.4,
212.11.86.200,
183.91.220.11,
127.41.227.248,
85.160.192.136,
40.63.55.143,
108.40.124.184,
37.85.38.59,
137.140.127.12,
117.11.142.96,
195.136.33.45,
186.83.120.104,
102.217.172.184,
120.98.11.162,
207.90.60.196,
83.178.96.106,
204.188.191.172,
47.40.35.192,
101.35.153.245,
108.46.136.125,
128.127.99.190,
214.63.28.125,
254.124.136.130,
186.214.35.58,
250.207.204.172,
132.250.28.243,
127.113.142.185,
200.48.77.185,
227.11.49.84,
192.254.11.104,
