250.87.88.37,
19.121.250.90,
206.206.108.180,
213.19.196.21,
142.108.154.55,
76.247.148.201,
208.20.55.137,
131.145.254.25,
233.79.120.88,
51.128.62.28,
253.183.229.12,
132.229.28.149,
241.65.5.180,
137.95.108.50,
51.42.196.146,
90.55.105.180,
6.95.236.23,
145.236.240.86,
212.23.240.12,
225.79.136.183,
149.108.135.108,
21.136.5.65,
19.250.241.149,
194.148.249.139,
22.120.110.182,
105.236.14.115,
195.19.191.135,
241.182.233.62,
95.21.236.108,
16.40.51.154,
152.120.92.76,
240.113.66.59,
184.216.202.110,
229.145.42.89,
189.102.133.211,
